{"LinearInteger": [0.84576, 0.85392, 0.5, 0.5, 0.85644, 0.5, 0.85392, 0.86036, 0.83448, 0.85732, 0.85116, 0.85, 0.8598, 0.83768, 0.84432, 0.8396, 0.85484, 0.5, 0.85616, 0.5, 0.8412, 0.5, 0.5, 0.85412, 0.84724, 0.82316, 0.5, 0.8608, 0.8436, 0.5, 0.83744, 0.83676, 0.85936, 0.5, 0.85284, 0.84248, 0.5, 0.84524, 0.83844, 0.84544, 0.85988, 0.84396, 0.5, 0.85948, 0.83104, 0.83848, 0.84276, 0.8438, 0.5, 0.8408], "LinearMinifloatDenorm": [0.84408, 0.82908, 0.85852, 0.859, 0.84384, 0.84404, 0.84248, 0.85608, 0.83896, 0.80788, 0.85844, 0.83732, 0.8454, 0.85964, 0.5, 0.84136, 0.83184, 0.84864, 0.5, 0.83452, 0.85716, 0.5, 0.84532, 0.84352, 0.83876, 0.85868, 0.85904, 0.84668, 0.84232, 0.85484, 0.84172, 0.5, 0.85976, 0.82832, 0.5, 0.8442, 0.84548, 0.8166, 0.8436, 0.5, 0.5, 0.82308, 0.81256, 0.84068, 0.85596, 0.85964, 0.85852, 0.85492, 0.5, 0.84412], "LinearMinifloatIEEE": [0.85948, 0.85964, 0.85956, 0.85944, 0.85976, 0.8596, 0.86012, 0.8592, 0.85928, 0.85976, 0.85964, 0.85984, 0.8604, 0.85996, 0.86052, 0.8596, 0.85972, 0.85944, 0.86028, 0.86, 0.85876, 0.85988, 0.85968, 0.8598, 0.85912, 0.85916, 0.86004, 0.85884, 0.859, 0.85968, 0.85948, 0.85996, 0.8592, 0.85956, 0.85976, 0.8588, 0.85984, 0.859, 0.85904, 0.86044, 0.8596, 0.85872, 0.85992, 0.85996, 0.86024, 0.85924, 0.85904, 0.85984, 0.8588, 0.86024], "LinearLog": [0.8614, 0.85944, 0.85952, 0.8622, 0.85832, 0.85992, 0.85984, 0.86148, 0.85984, 0.859, 0.8606, 0.86068, 0.86028, 0.85888, 0.85984, 0.8606, 0.85896, 0.85992, 0.85888, 0.86028, 0.85988, 0.86108, 0.86056, 0.85936, 0.8572, 0.85972, 0.86172, 0.85908, 0.85772, 0.85948, 0.86028, 0.85876, 0.86004, 0.85808, 0.86052, 0.85944, 0.85968, 0.86056, 0.86072, 0.86084, 0.858, 0.86112, 0.861, 0.8602, 0.85992, 0.85952, 0.85876, 0.85968, 0.85896, 0.85924], "LinearBlockFP": [0.86004, 0.85904, 0.85956, 0.85728, 0.85988, 0.85956, 0.85992, 0.8598, 0.86004, 0.85972, 0.86052, 0.86004, 0.86004, 0.86, 0.85964, 0.86004, 0.85704, 0.86, 0.8594, 0.85976, 0.85916, 0.8602, 0.86, 0.85936, 0.85672, 0.85976, 0.8602, 0.85996, 0.85996, 0.86036, 0.85948, 0.85988, 0.85996, 0.85644, 0.86064, 0.85956, 0.85988, 0.85672, 0.86016, 0.85928, 0.8576, 0.85992, 0.85996, 0.86016, 0.85984, 0.85696, 0.86004, 0.85944, 0.85956, 0.85968], "LinearBlockLog": [0.50032, 0.84456, 0.5, 0.86052, 0.85748, 0.86084, 0.5, 0.50596, 0.5, 0.66304, 0.8138, 0.85808, 0.5, 0.83636, 0.83636, 0.5, 0.54684, 0.86068, 0.67528, 0.76572, 0.85948, 0.85744, 0.85972, 0.86052, 0.86004, 0.76856, 0.86024, 0.85904, 0.8608, 0.8572, 0.85944, 0.8612, 0.80596, 0.85856, 0.85972, 0.8582, 0.5, 0.85888, 0.86048, 0.7812, 0.5, 0.5, 0.86072, 0.718, 0.51748, 0.81692, 0.49996, 0.86092, 0.85956, 0.8614], "LinearBinary": [0.50692, 0.5028, 0.50444, 0.5048, 0.49068, 0.49844, 0.49104, 0.50608, 0.494, 0.50204, 0.51596, 0.5096, 0.51416, 0.49348, 0.4988, 0.48984, 0.5002, 0.5014, 0.50792, 0.49476, 0.50572, 0.49108, 0.49312, 0.50844, 0.49228, 0.48604, 0.4992, 0.49996, 0.51012, 0.50312, 0.49912, 0.49304, 0.49216, 0.4982, 0.51132, 0.51088, 0.49568, 0.50304, 0.50336, 0.49644, 0.49804, 0.49568, 0.5016, 0.51024, 0.50504, 0.50204, 0.49264, 0.4982, 0.49756, 0.5014], "LinearBinaryScaling": [0.85996, 0.85988, 0.85976, 0.86004, 0.85976, 0.86004, 0.85968, 0.85972, 0.85964, 0.8602, 0.85992, 0.85968, 0.86, 0.85964, 0.85996, 0.85996, 0.85996, 0.85976, 0.8596, 0.8598, 0.85984, 0.86004, 0.86016, 0.85984, 0.86032, 0.86028, 0.85968, 0.85988, 0.85968, 0.85972, 0.85976, 0.86, 0.86008, 0.85996, 0.85948, 0.85984, 0.86004, 0.86028, 0.85976, 0.85976, 0.85984, 0.86004, 0.85992, 0.85992, 0.85996, 0.85972, 0.85968, 0.86032, 0.86012, 0.86012], "LinearBinaryResidualSign": [0.4996, 0.50452, 0.49356, 0.49192, 0.50536, 0.50196, 0.48988, 0.49132, 0.48988, 0.85996, 0.51668, 0.49432, 0.50424, 0.50172, 0.51172, 0.50624, 0.49556, 0.49592, 0.5054, 0.48692, 0.49348, 0.50676, 0.505, 0.50572, 0.5096, 0.50172, 0.50344, 0.49784, 0.51372, 0.5002, 0.49684, 0.50404, 0.51424, 0.49764, 0.5082, 0.50216, 0.51372, 0.49504, 0.50156, 0.49824, 0.50648, 0.48908, 0.50176, 0.50132, 0.50436, 0.49692, 0.5058, 0.48896, 0.50344, 0.51668]}